<?xml version="1.0" encoding="ISO-8859-1"?>
<struts-config>
	<!-- ========== Form Bean Definitions =================================== -->
	<form-beans>
		<form-bean name="loginForm" type="examples.LoginForm"/>
		<form-bean name="dynamicLogin" dynamic="true" type="org.apache.struts.action.DynaActionForm">
			<form-property name="username" type="java.lang.String"/>
			<form-property name="password" type="java.lang.String"/>
		</form-bean>
	</form-beans>
	<!-- ========== Global Forward Definitions ============================== -->
	<global-forwards>
		<forward name="login" path="/login/login.jsp"/>
	</global-forwards>
	<!-- ========== Action Mapping Definitions ============================== -->
	<action-mappings>
		<action path="/tilesForward" type="examples.LoginAction" name="loginForm" input="/login/login.jsp" scope="request">
			<forward name="success" path="page.library" contextRelative="true"/>
            <forward name="failure" path="another.page"/>
		</action>
        <action path="/tilesInputForward" type="examples.LoginAction" name="loginForm" input="page.library" scope="request"/>
	</action-mappings>
    <plug-in className="org.apache.struts.tiles.TilesPlugin" >
        <set-property property="definitions-config"
                      value="/WEB-INF/tiles-config.xml" />
        <set-property property="definitions-debug" value="0" />
        <set-property property="definitions-parser-details" value="0" />
        <set-property property="definitions-parser-validate" value="false" />
        <set-property property="moduleAware" value="true"/>
    </plug-in>


</struts-config>
